{
  "nodes": {
    "markdown-to-html#1": {
      "contentWidth": 613.236328125,
      "rfNode": {
        "position": {
          "x": -292.51929693636276,
          "y": -131.5732271051673
        }
      }
    }
  }
}